决策ID,日期,问题,备选方案,最终决定,为什么,代价,重新评估条件
ADR001,2026-09,股票池如何避免当前成分回填,当前成分; 历史t-1成分,历史t-1成分,降低幸存者和回填偏差,依赖历史快照完整性,获得官方完整变更历史
ADR002,2026-09,困境阈值,20%;30%;40%,至少30%,保证明显技术性困境，同时保留样本,突破日未必仍低于峰值30%,只作预先声明的稳健性
ADR003,2026-09,横盘窗口,固定120; adaptive120-252,adaptive120-252,允许不同股票形成更长底部,252日上限堆积，扩展阶段趋势约束较弱,未来研究单独处理删失
ADR004,2026-09,baseline突破定义,0.5%;1%;2%;ATR20,0.5% baseline,主规格样本量与噪声过滤平衡,固定阈值不随波动率变化,不替换baseline，ATR仅稳健性
ADR005,2026-09,相对成交量窗口,20;60;120,60个正常正成交量观察,平衡近期性与稳定性,停牌时日历跨度超过60日,窗口稳健性已报告
ADR006,2026-09,主回归误差结构,classical;HC3;cluster,OLS+HC3 baseline,处理异方差且与现有实现一致,不处理同股或同日期相关,下一阶段补充聚类标准误
ADR007,2026-09-24,项目同步架构,GitHub全上传;DVC;双通道,GitHub+DataVault双通道,兼顾可读版本管理、数据完整性和许可风险,需要维护manifest和外部云盘,超过三个并行数据版本时考虑DVC
ADR008,2026-09,异常值处理,删除;winsorize;原样保留,原样保留,避免结果导向处理并维持冻结样本,小样本估计可能受极端事件影响,只允许透明敏感性分析，不替代原结果
ADR009,2026-09,突破信号执行时点,同收盘价可交易;收盘后确认,收盘后确认,当日收盘和成交量只有收盘后完整可知,不能直接解释为同收盘价执行策略,未来构造次日开盘执行版本
